Model,Variant,Accuracy,Precision,Recall,F1,Label
Logistic Regression,A (no cluster),0.6763070295672606,0.21951735817104148,0.6993761591637161,0.33415233415233414,Logistic Regression - A (no cluster)
Logistic Regression,B (with cluster),0.6767965537497552,0.2197487676896168,0.6990389479008599,0.33438180498427295,Logistic Regression - B (with cluster)
Random Forest,A (no cluster),0.7087722733503035,0.2342486923442701,0.6644747934581015,0.34638540980004395,Random Forest - A (no cluster)
Random Forest,B (with cluster),0.8386136675151753,0.33009851492427583,0.37851964255606135,0.3526547282437952,Random Forest - B (with cluster)
